{"assets/images/categories_unselected_icon@2x.png":["assets/images/categories_unselected_icon@2x.png"],"assets/images/change_password@2x.png":["assets/images/change_password@2x.png"],"assets/images/chat@2x.png":["assets/images/chat@2x.png"],"assets/images/chat_unselected_icon@2x.png":["assets/images/chat_unselected_icon@2x.png"],"assets/images/download_documents@2x.png":["assets/images/download_documents@2x.png"],"assets/images/edit_profile_pic.png":["assets/images/edit_profile_pic.png"],"assets/images/forgot_icon@2x.png":["assets/images/forgot_icon@2x.png"],"assets/images/home@3x.png":["assets/images/home@3x.png"],"assets/images/logout@2x.png":["assets/images/logout@2x.png"],"assets/images/more_selected_icon@2x.png":["assets/images/more_selected_icon@2x.png"],"assets/images/my_order@2x.png":["assets/images/my_order@2x.png"],"assets/images/profile_icon@2x.png":["assets/images/profile_icon@2x.png"],"assets/images/services_unselected_icon@2x.png":["assets/images/services_unselected_icon@2x.png"],"assets/images/upload_documents@2x.png":["assets/images/upload_documents@2x.png"],"assets/logos/logo.png":["assets/logos/logo.png"],"assets/logos/logo@2x.png":["assets/logos/logo@2x.png"],"assets/logos/logo@3x.png":["assets/logos/logo@3x.png"],"assets/logos/logo_not.png":["assets/logos/logo_not.png"],"packages/cupertino_icons/assets/CupertinoIcons.ttf":["packages/cupertino_icons/assets/CupertinoIcons.ttf"],"packages/font_awesome_flutter/lib/fonts/fa-brands-400.ttf":["packages/font_awesome_flutter/lib/fonts/fa-brands-400.ttf"],"packages/font_awesome_flutter/lib/fonts/fa-regular-400.ttf":["packages/font_awesome_flutter/lib/fonts/fa-regular-400.ttf"],"packages/font_awesome_flutter/lib/fonts/fa-solid-900.ttf":["packages/font_awesome_flutter/lib/fonts/fa-solid-900.ttf"]}